"MgmtID","StandID","Year","Aboveground_Total_Live","Aboveground_Merch_Live","Belowground_Live","Belowground_Dead","Standing_Dead","Forest_Down_Dead_Wood","Forest_Floor","Forest_Shrub_Herb","Total_Stand_Carbon","Total_Removed_Carbon","Carbon_Released_From_Fire","RunTitle","CaseID"
"A014","361403506767","2014",136.050567626953,92.6435852050781,30.9144020080566,6.01219320297241,9.61811256408691,10.4572601318359,13.3866376876831,0.694908857345581,207.134094238281,0,0,"Grow_2014","ab323dda-f6ed-46e3-9b1e-38c1ba3f4bfc"
"A014","361404102703 r001","2014",54.8899993896484,34.0472946166992,13.6731042861938,4.06778717041016,12.6059350967407,10.457257270813,13.3866348266602,0.694908857345581,109.77562713623,0,0,"Grow_2014","b9e838f8-64ca-4701-822e-7ff42cc45481"
"A014","361404102703 r002","2014",54.8899993896484,34.0472946166992,13.6731042861938,4.06778717041016,12.6059350967407,10.457257270813,13.3866348266602,0.694908857345581,109.77562713623,0,0,"Grow_2014","3de6bb70-8851-4753-a7ce-5e57a64abd45"
"A014","501402300275","2014",95.4996871948242,69.2512283325195,19.9830646514893,0,0,10.457257270813,13.3866348266602,0.694908857345581,140.021560668945,0,0,"Grow_2014","260f7963-3a01-4c5d-a07d-451f1bc40e43"
