"MgmtID","StandID","Year","Aboveground_Total_Live","Aboveground_Merch_Live","Belowground_Live","Belowground_Dead","Standing_Dead","Forest_Down_Dead_Wood","Forest_Floor","Forest_Shrub_Herb","Total_Stand_Carbon","Total_Removed_Carbon","Carbon_Released_From_Fire","RunTitle","CaseID"
"A015","361503105127","2015",88.3835296630859,50.2250518798828,19.2033367156982,0.0800854489207268,0.0257906820625067,8.91052532196045,15.7753305435181,0.694908857345581,133.073501586914,0,0,"Grow_2015","03a624b6-2606-44aa-8082-05f7f65a2703"
"A015","361503105218","2015",66.2820358276367,38.0257148742676,16.2881488800049,1.59653055667877,4.9608736038208,9.6838903427124,11.8273487091064,0.694908857345581,111.33373260498,0,0,"Grow_2015","f880cc7d-2867-4745-9e80-4a25725274a0"
"A015","361504303762","2015",122.377342224121,77.3809814453125,26.0414371490479,2.50309872627258,7.21917724609375,10.457257270813,13.3866348266602,0.694908857345581,182.67985534668,0,0,"Grow_2015","d90032ab-75b7-43cd-90df-13a773fe4f22"
