"MgmtID","StandID","Year","RmvCode","Age","Tpa","TPrdTpa","BA","SDI","CCF","TopHt","QMD","MCuFt","TPrdMCuFt","SCuFt","TPrdSCuFt","SBdFt","TPrdSBdFt","RTpa","RMCuFt","RSCuFt","RSBdFt","PrdLen","Acc","Mort","MAI","ForTyp","SizeCls","StkCls","RunTitle","CaseID"
"A021","362103506767","2022","0",99,681,681,251.252182006836,420,412,86,8.22465324401855,7189.26123046875,7189.26123046875,5221.19970703125,5221.19970703125,31356,31356,0,0,0,0,10,111.894638061523,85.2940139770508,72.6161651611328,"801","1","1","Grow_2022","5e502879-7b2e-49cd-8215-9d2eded1827c"
"A021","362103506767","2032","0",109,259.963592529297,259.963592529297,230.36572265625,365,367,92,12.7464418411255,7455.26708984375,7455.26708984375,5758.806640625,5758.806640625,35654.9375,35654.9375,0,0,0,0,0,0,0,68.3944931030273,"801","1","1","Grow_2022","5e502879-7b2e-49cd-8215-9d2eded1827c"
