"MgmtID","StandID","Year","Aboveground_Total_Live","Aboveground_Merch_Live","Belowground_Live","Belowground_Dead","Standing_Dead","Forest_Down_Dead_Wood","Forest_Floor","Forest_Shrub_Herb","Total_Stand_Carbon","Total_Removed_Carbon","Carbon_Released_From_Fire","RunTitle","CaseID"
"A010","230800703677","2008",83.0268402099609,51.1993942260742,17.7993679046631,1.62033808231354,4.27991580963135,8.91052532196045,15.7753286361694,0.694908857345581,132.107223510742,0,0,"Grow_2008","b1ce77ea-2c4c-4be4-9f8d-75bee48a390f"
"A010","330800300163","2008",108.977783203125,67.2950286865234,27.0576667785645,0,0,10.457257270813,13.3866367340088,0.694908857345581,160.574264526367,0,0,"Grow_2008","bc316067-3969-439e-9921-32e77a86431c"
"A010","330800700781","2008",81.4558639526367,55.212100982666,18.7321624755859,1.13936591148376,3.85179114341736,10.4572591781616,13.3866367340088,0.694908857345581,129.717987060547,0,0,"Grow_2008","2767125b-03de-4490-a5c6-b87eeaae9d26"
