"MgmtID","StandID","Year","Aboveground_Total_Live","Aboveground_Merch_Live","Belowground_Live","Belowground_Dead","Standing_Dead","Forest_Down_Dead_Wood","Forest_Floor","Forest_Shrub_Herb","Total_Stand_Carbon","Total_Removed_Carbon","Carbon_Released_From_Fire","RunTitle","CaseID"
"A010","230800703677","2008",92.6291885375977,49.2183532714844,17.7993679046631,1.62033808231354,4.27991580963135,8.91052532196045,15.7753286361694,0.694908857345581,141.709564208984,0,0,"Grow_2008","38b4cae2-4ecb-4fba-a2ba-356369b19e52"
"A010","330800300163","2008",142.671615600586,82.4817733764648,27.0576667785645,0,0,10.457257270813,13.3866367340088,0.694908857345581,194.268096923828,0,0,"Grow_2008","9e8a48d8-a2a7-4484-922a-4b468af87ea0"
"A010","330800700781","2008",96.351448059082,58.8308982849121,18.7321624755859,1.13936591148376,3.85179114341736,10.4572591781616,13.3866367340088,0.694908857345581,144.613571166992,0,0,"Grow_2008","5cea0b30-4189-4e7e-b286-4fa7a64b141b"
