"MgmtID","StandID","Year","RmvCode","Age","Tpa","TPrdTpa","BA","SDI","CCF","TopHt","QMD","MCuFt","TPrdMCuFt","SCuFt","TPrdSCuFt","SBdFt","TPrdSBdFt","RTpa","RMCuFt","RSCuFt","RSBdFt","PrdLen","Acc","Mort","MAI","ForTyp","SizeCls","StkCls","RunTitle","CaseID"
"A019","332000700781","2020","0",96,3213,3213,155.061157226562,278,248,77,2.9746265411377,3870.59985351562,3870.59985351562,1884.60009765625,1884.60009765625,10896,10896,0,0,0,0,10,64.5627899169922,5.24215698242188,40.3229179382324,"801","1","1","Grow_2020","e3edba24-4d56-4129-936b-046dafbf41fc"
"A019","332000700781","2030","0",106,2931.3134765625,2931.3134765625,179.156600952148,339,289,80,3.34750771522522,4463.80615234375,4463.80615234375,2265.34399414062,2265.34399414062,13344.6845703125,13344.6845703125,0,0,0,0,0,0,0,42.113208770752,"801","1","1","Grow_2020","e3edba24-4d56-4129-936b-046dafbf41fc"
