"MgmtID","StandID","Year","RmvCode","Age","Tpa","TPrdTpa","BA","SDI","CCF","TopHt","QMD","MCuFt","TPrdMCuFt","SCuFt","TPrdSCuFt","SBdFt","TPrdSBdFt","RTpa","RMCuFt","RSCuFt","RSBdFt","PrdLen","Acc","Mort","MAI","ForTyp","SizeCls","StkCls","RunTitle","CaseID"
"A018","331900300163","2019","0",98,1443,1443,172.11540222168,300,367,77,4.67641448974609,4126.2001953125,4126.2001953125,3161.39990234375,3161.39990234375,20370,20370,0,0,0,0,10,50.0575332641602,10.4354944229126,42.1020393371582,"801","1","1","Grow_2019","45add8ba-23d1-40f0-85c8-5e183abf7d66"
"A018","331900300163","2029","0",108,798.662109375,798.662109375,176.780014038086,301,360,79,6.37046766281128,4522.419921875,4522.419921875,3388.78125,3388.78125,21832.087890625,21832.087890625,0,0,0,0,0,0,0,41.8703689575195,"801","1","1","Grow_2019","45add8ba-23d1-40f0-85c8-5e183abf7d66"
