"MgmtID","StandID","Year","Aboveground_Total_Live","Aboveground_Merch_Live","Belowground_Live","Belowground_Dead","Standing_Dead","Forest_Down_Dead_Wood","Forest_Floor","Forest_Shrub_Herb","Total_Stand_Carbon","Total_Removed_Carbon","Carbon_Released_From_Fire","RunTitle","CaseID"
"A013","231300703677","2013",96.8840026855469,51.4689559936523,18.610050201416,1.89900612831116,4.5972261428833,8.91052436828613,15.7753286361694,0.694908857345581,147.371047973633,0,0,"Grow_2013","71d3f943-c51d-41bd-810a-5399457f1e49"
"A013","331300300163","2013",147.103881835938,88.0708160400391,27.8627548217773,0,0,10.4572591781616,13.3866367340088,0.694908857345581,199.505462646484,0,0,"Grow_2013","d336b703-60e1-402e-97b3-57e84d0255f3"
"A013","331300700781","2013",99.7409210205078,61.1554794311523,19.313793182373,1.11670732498169,2.9950635433197,10.457257270813,13.3866348266602,0.694908857345581,147.705307006836,0,0,"Grow_2013","b26a3459-a4fb-4397-939e-aa8c2c1103aa"
